series,data,country,ISO3166,1990,2000,2006,2007,2008,2009,2010,2011,2012,2013,2014,2015
"Life expectancy at birth, total (years)",SP.DYN.LE00.IN,Afghanistan,AFG,49.8610487804878,55.1258780487805,57.4325609756098,57.8338292682927,58.2250243902439,58.6036829268293,58.9708292682927,59.3279512195122,59.6796097560976,60.0282682926829,60.3744634146342,..
"Life expectancy at birth, total (years)",SP.DYN.LE00.IN,Albania,ALB,71.9573170731707,74.2715365853659,76.2861219512195,76.4702926829268,76.6520731707317,76.8403658536586,77.0369512195122,77.2405853658537,77.4439756097561,77.6404634146342,77.8304634146342,..
"Life expectancy at birth, total (years)",SP.DYN.LE00.IN,Algeria,DZA,66.6945853658537,70.1839024390244,72.5577073170732,72.8983658536585,73.2193170731707,73.5210243902439,73.8040487804878,74.07,74.3240975609756,74.5689512195122,74.8080975609756,..
"Life expectancy at birth, total (years)",SP.DYN.LE00.IN,American Samoa,ASM,..,..,..,..,..,..,..,..,..,..,..,..
"Life expectancy at birth, total (years)",SP.DYN.LE00.IN,Andorra,ADO,..,..,..,..,..,..,..,..,..,..,..,..
"Life expectancy at birth, total (years)",SP.DYN.LE00.IN,Angola,AGO,41.1383414634146,45.2047804878049,49.0070487804878,49.4357317073171,49.8473902439024,50.2510243902439,50.6541707317073,51.0593170731707,51.464,51.8661707317073,52.2668780487805,..
"Life expectancy at birth, total (years)",SP.DYN.LE00.IN,Antigua and Barbuda,ATG,71.1629512195122,73.3972926829268,74.6181463414634,74.8032195121951,74.9791707317073,75.1470243902439,75.3087804878049,75.4660243902439,75.6218048780488,75.7786585365854,75.9376341463415,..
"Life expectancy at birth, total (years)",SP.DYN.LE00.IN,Argentina,ARG,71.5436585365854,73.7558048780488,74.8499024390244,75.0090487804878,75.1662682926829,75.3245609756098,75.4849756097561,75.6490487804878,75.816243902439,75.9860975609756,76.1586097560976,..
"Life expectancy at birth, total (years)",SP.DYN.LE00.IN,Armenia,ARM,67.7478048780488,71.2765853658537,73.5482682926829,73.7646585365854,73.945,74.0958292682927,74.2263414634146,74.3428292682927,74.4520975609756,74.5613658536585,74.6757073170732,..
"Life expectancy at birth, total (years)",SP.DYN.LE00.IN,Aruba,ABW,73.3899756097561,73.7206097560976,74.3761951219512,74.526756097561,74.6757317073171,74.8181463414634,74.9535365853659,75.0813902439024,75.205756097561,75.3286585365854,75.4510975609756,..
"Life expectancy at birth, total (years)",SP.DYN.LE00.IN,Australia,AUS,76.9946341463415,79.2341463414634,81.0414634146342,81.2926829268293,81.3951219512195,81.5439024390244,81.6951219512195,81.8951219512195,82.0463414634146,82.1487804878049,82.2512195121951,..
"Life expectancy at birth, total (years)",SP.DYN.LE00.IN,Austria,AUT,75.5682926829269,78.1268292682927,79.8804878048781,80.1804878048781,80.4317073170732,80.3317073170732,80.5804878048781,80.9829268292683,80.9365853658537,81.1365853658537,81.3365853658537,..
"Life expectancy at birth, total (years)",SP.DYN.LE00.IN,Azerbaijan,AZE,64.7463658536585,66.758243902439,69.375243902439,69.756512195122,70.0639512195122,70.2936829268293,70.4513170731707,70.5518048780488,70.6239512195122,70.6905853658537,70.7632195121951,..
"Life expectancy at birth, total (years)",SP.DYN.LE00.IN,"Bahamas, The",BHS,70.6306585365854,72.2542926829268,73.8584634146342,74.0594634146342,74.2474390243902,74.4239024390244,74.5923902439024,74.7544146341464,74.9144634146342,75.0735365853659,75.2336585365854,..
"Life expectancy at birth, total (years)",SP.DYN.LE00.IN,Bahrain,BHR,72.507243902439,74.5994878048781,75.5664634146342,75.707756097561,75.847512195122,75.9877804878049,76.1275609756098,76.2678536585366,76.4076341463415,76.5459512195122,76.6832682926829,..
"Life expectancy at birth, total (years)",SP.DYN.LE00.IN,Bangladesh,BGD,58.4175609756098,65.3479756097561,68.4256341463415,68.8599756097561,69.2778536585366,69.6837804878049,70.0802926829268,70.4719512195122,70.8602682926829,71.245243902439,71.6259024390244,..
"Life expectancy at birth, total (years)",SP.DYN.LE00.IN,Barbados,BRB,71.1719512195122,73.219512195122,74.1931219512195,74.3564146341464,74.5191951219512,74.6824878048781,74.8452926829268,75.0081463414634,75.1710243902439,75.3339512195122,75.4964146341463,..
"Life expectancy at birth, total (years)",SP.DYN.LE00.IN,Belarus,BLR,70.8365853658537,68.9121951219512,69.4048780487805,70.2034146341464,70.4560975609756,70.4073170731707,70.4048780487805,70.5536585365854,71.9658536585366,72.4707317073171,72.9756097560976,..
"Life expectancy at birth, total (years)",SP.DYN.LE00.IN,Belgium,BEL,76.0519512195122,77.7219512195122,79.380487804878,79.7829268292683,79.6804878048781,79.9829268292683,80.1829268292683,80.5853658536585,80.3853658536585,80.5878048780488,80.5878048780488,..
"Life expectancy at birth, total (years)",SP.DYN.LE00.IN,Belize,BLZ,71.2837317073171,68.4188780487805,69.279487804878,69.452,69.5942195121951,69.7030731707317,69.7820487804878,69.8436829268293,69.9051463414634,69.9820487804878,70.0774390243902,..
"Life expectancy at birth, total (years)",SP.DYN.LE00.IN,Benin,BEN,53.42,55.188243902439,57.4833902439024,57.8673902439024,58.204512195122,58.4912682926829,58.7297073170732,58.9329024390244,59.1219756097561,59.3120243902439,59.5105853658537,..
"Life expectancy at birth, total (years)",SP.DYN.LE00.IN,Bermuda,BMU,..,77.8853658536585,78.8878048780488,78.9341463414634,79.2365853658537,79.3884390243903,79.2885365853658,81.1526829268293,81.6778048780488,80.5724390243902,80.7973170731707,..
"Life expectancy at birth, total (years)",SP.DYN.LE00.IN,Bhutan,BTN,52.4623170731707,60.6503902439025,65.6379024390244,66.2930975609756,66.8850243902439,67.4166585365854,67.8924146341463,68.3231951219512,68.7229024390244,69.1029268292683,69.471243902439,..
"Life expectancy at birth, total (years)",SP.DYN.LE00.IN,Bolivia,BOL,55.1072926829268,60.6900487804878,64.1149512195122,64.6941219512195,65.2738048780488,65.848,66.407756097561,66.9425609756098,67.4454634146341,67.9134390243903,68.344,..
"Life expectancy at birth, total (years)",SP.DYN.LE00.IN,Bosnia and Herzegovina,BIH,70.7832195121951,74.2607317073171,75.2314390243902,75.3714878048781,75.5119756097561,75.6573658536585,75.8076829268293,75.9629268292683,76.1201707317073,76.2769268292683,76.433243902439,..
"Life expectancy at birth, total (years)",SP.DYN.LE00.IN,Botswana,BWA,62.5565853658537,48.6936341463415,56.8732682926829,59.0745609756098,60.9585853658537,62.4170975609756,63.4022926829268,63.9516097560976,64.2227317073171,64.3608048780488,64.429243902439,..
"Life expectancy at birth, total (years)",SP.DYN.LE00.IN,Brazil,BRA,65.3403170731707,70.0419756097561,72.1317317073171,72.4148292682927,72.6954146341463,72.9780243902439,73.2641463414634,73.5523414634146,73.8395853658537,74.1224390243903,74.4018780487805,..
"Life expectancy at birth, total (years)",SP.DYN.LE00.IN,Brunei Darussalam,BRN,73.0511951219512,75.2888048780488,76.4281219512195,76.6755609756098,76.956756097561,77.2682926829268,77.5982682926829,77.9323170731708,78.2525853658537,78.5466585365854,78.8095853658537,..
"Life expectancy at birth, total (years)",SP.DYN.LE00.IN,Bulgaria,BGR,71.6414634146342,71.6634146341463,72.6121951219512,72.6634146341463,72.9634146341463,73.4121951219512,73.5121951219512,74.1634146341463,74.3146341463415,74.8609756097561,75.4073170731707,..
"Life expectancy at birth, total (years)",SP.DYN.LE00.IN,Burkina Faso,BFA,49.3656097560976,50.3459268292683,54.4039024390244,55.1888048780488,55.9022926829268,56.5249756097561,57.0513902439024,57.4920487804878,57.8793170731707,58.2406341463415,58.5884634146341,..
"Life expectancy at birth, total (years)",SP.DYN.LE00.IN,Burundi,BDI,48.0001219512195,51.4854878048781,53.0538780487805,53.4560731707317,53.8910243902439,54.3512195121951,54.8291951219512,55.3120243902439,55.7892926829268,56.2516097560976,56.6920243902439,..
"Life expectancy at birth, total (years)",SP.DYN.LE00.IN,Cabo Verde,CPV,65.570512195122,69.7243902439024,71.8356829268293,72.0993658536585,72.3095365853659,72.4712195121951,72.5979024390244,72.7095609756098,72.8282195121951,72.9723658536585,73.147,..
"Life expectancy at birth, total (years)",SP.DYN.LE00.IN,Cambodia,KHM,53.5100731707317,58.3508780487805,63.7955853658537,64.5523414634146,65.2349756097561,65.8444634146342,66.3856585365854,66.8728780487805,67.3288780487805,67.7720487804878,68.2122926829268,..
"Life expectancy at birth, total (years)",SP.DYN.LE00.IN,Cameroon,CMR,53.5912682926829,51.9358780487805,52.150243902439,52.4791463414634,52.8558292682927,53.2648536585366,53.6948292682927,54.1373658536585,54.587512195122,55.0418048780488,55.492756097561,..
"Life expectancy at birth, total (years)",SP.DYN.LE00.IN,Canada,CAN,77.3770731707317,79.2365853658537,80.4187804878049,80.6343902439024,80.8253658536586,81.1114634146342,81.4129268292683,81.3492926829268,81.5624390243903,81.7650487804878,81.9566097560976,..
"Life expectancy at birth, total (years)",SP.DYN.LE00.IN,Cayman Islands,CYM,..,..,..,..,..,..,..,..,..,..,..,..
"Life expectancy at birth, total (years)",SP.DYN.LE00.IN,Central African Republic,CAF,49.0175609756098,44.5972926829268,45.1631219512195,45.6873902439024,46.284,46.9349756097561,47.6253170731707,48.3504390243903,49.1052926829268,49.8798780487805,50.6577804878049,..
"Life expectancy at birth, total (years)",SP.DYN.LE00.IN,Chad,TCD,46.9243658536585,47.5780731707317,48.2300243902439,48.5592195121951,48.9515853658537,49.3931707317073,49.8620731707317,50.3319512195122,50.7813902439024,51.1914878048781,51.5558048780488,..
"Life expectancy at birth, total (years)",SP.DYN.LE00.IN,Channel Islands,CHI,75.418243902439,77.514512195122,79.1665365853659,79.4108048780488,79.6330243902439,79.8327073170732,80.0103658536585,80.169512195122,80.3186585365854,80.4628292682927,80.6064878048781,..
"Life expectancy at birth, total (years)",SP.DYN.LE00.IN,Chile,CHL,72.6787804878049,76.8208292682927,78.9791707317073,79.3135365853659,79.6409024390244,79.9608048780488,80.2758048780488,80.5869756097561,80.8948536585366,81.1979268292683,81.4961951219512,..
"Life expectancy at birth, total (years)",SP.DYN.LE00.IN,China,CHN,69.030512195122,71.7304634146342,74.0717073170732,74.3404390243903,74.5832682926829,74.8032682926829,75.0074146341463,75.2021707317073,75.3929268292683,75.5851463414634,75.7822682926829,..
"Life expectancy at birth, total (years)",SP.DYN.LE00.IN,Colombia,COL,68.2971951219512,70.9887073170732,72.4914390243902,72.705512195122,72.9071707317073,73.0969512195122,73.2778536585366,73.4548048780488,73.6307804878049,73.8097317073171,73.9931463414634,..
"Life expectancy at birth, total (years)",SP.DYN.LE00.IN,Comoros,COM,56.6536097560976,59.4389024390244,60.3883170731707,60.7123414634146,61.0672926829268,61.4441951219512,61.830512195122,62.212756097561,62.5829756097561,62.9321707317073,63.2568536585366,..
"Life expectancy at birth, total (years)",SP.DYN.LE00.IN,"Congo, Dem. Rep.",ZAR,48.9929756097561,50.0028780487805,54.3678292682927,55.0644146341463,55.724,56.3370731707317,56.8961463414634,57.3986341463415,57.8540731707317,58.2719268292683,58.6591951219512,..
"Life expectancy at birth, total (years)",SP.DYN.LE00.IN,"Congo, Rep.",COG,55.0289756097561,50.5898780487805,54.6478292682927,55.8013170731707,56.9650731707317,58.0936341463415,59.1431219512195,60.0851707317073,60.9239024390244,61.6663902439024,62.3111463414634,..
"Life expectancy at birth, total (years)",SP.DYN.LE00.IN,Costa Rica,CRI,75.6586829268293,77.4226829268293,78.2078048780488,78.3303170731707,78.4577317073171,78.5926097560976,78.7360487804878,78.8901707317073,79.0535365853659,79.2252195121951,79.4027073170732,..
"Life expectancy at birth, total (years)",SP.DYN.LE00.IN,Cote d'Ivoire,CIV,52.6069268292683,46.6993902439024,48.258756097561,48.7788292682927,49.2797804878049,49.7404878048781,50.1514634146342,50.5172195121951,50.8633414634146,51.2084634146342,51.5595853658537,..
"Life expectancy at birth, total (years)",SP.DYN.LE00.IN,Croatia,HRV,72.1704878048781,72.8078048780488,75.8368292682927,75.7056097560976,75.9121951219512,76.1682926829268,76.4756097560976,76.7756097560976,76.9243902439024,77.1268292682927,77.3292682926829,..
"Life expectancy at birth, total (years)",SP.DYN.LE00.IN,Cuba,CUB,74.6438048780488,76.6448048780488,78.2059512195122,78.4491951219512,78.6505121951219,78.8109756097561,78.9356341463415,79.039512195122,79.1416097560976,79.2563902439025,79.3908292682927,..
"Life expectancy at birth, total (years)",SP.DYN.LE00.IN,Curacao,CUW,..,..,74.709756097561,75.3634146341464,75.309756097561,76.1560975609756,..,77.4731707317073,..,..,77.8243902439025,..
"Life expectancy at birth, total (years)",SP.DYN.LE00.IN,Cyprus,CYP,76.5139512195122,77.9716829268293,78.7228780487805,78.868512195122,79.0275365853659,79.199487804878,79.3819512195122,79.571512195122,79.7622682926829,79.9497804878049,80.1315609756098,..
"Life expectancy at birth, total (years)",SP.DYN.LE00.IN,Czech Republic,CZE,71.3839024390244,74.9682926829268,76.5243902439024,76.7243902439025,76.9756097560976,77.0780487804878,77.4243902439025,77.8731707317073,78.0756097560976,78.1756097560976,78.2756097560976,..
"Life expectancy at birth, total (years)",SP.DYN.LE00.IN,Denmark,DNK,74.8053658536585,76.5926829268293,78.0951219512195,78.1951219512195,78.4463414634146,78.5975609756098,79.1,79.8,80.0512195121951,80.3,80.5487804878049,..
"Life expectancy at birth, total (years)",SP.DYN.LE00.IN,Djibouti,DJI,56.6631707317073,57.0103414634146,58.3766829268293,58.8293414634146,59.3238780487805,59.8428048780488,60.3606829268293,60.8505609756098,61.2959756097561,61.6864634146342,62.015512195122,..
"Life expectancy at birth, total (years)",SP.DYN.LE00.IN,Dominica,DMA,..,..,..,..,..,..,..,..,..,..,..,..
"Life expectancy at birth, total (years)",SP.DYN.LE00.IN,Dominican Republic,DOM,67.9504146341463,70.6337317073171,71.9168292682927,72.1313170731707,72.3423170731707,72.5483170731707,72.7498048780488,72.9452926829268,73.1353170731707,73.3199024390244,73.5000243902439,..
"Life expectancy at birth, total (years)",SP.DYN.LE00.IN,Ecuador,ECU,68.9953658536586,72.9441707317073,74.3202195121951,74.4950243902439,74.6678292682927,74.8446097560976,75.0298048780488,75.2264390243903,75.433,75.648512195122,75.872487804878,..
"Life expectancy at birth, total (years)",SP.DYN.LE00.IN,"Egypt, Arab Rep.",EGY,64.5490731707317,68.590756097561,69.6031951219512,69.7822926829268,69.9644634146341,70.1501463414634,70.3402926829268,70.5333170731707,70.7291463414634,70.9257804878049,71.1217073170732,..
"Life expectancy at birth, total (years)",SP.DYN.LE00.IN,El Salvador,SLV,63.988,68.7170487804878,70.4791707317073,70.7804634146342,71.0807804878049,71.3781463414634,71.6706097560976,71.9561707317073,72.2318536585366,72.4981463414634,72.7545609756098,..
"Life expectancy at birth, total (years)",SP.DYN.LE00.IN,Equatorial Guinea,GNQ,48.1895365853659,52.1086341463415,54.0765853658537,54.5163170731707,54.9863170731707,55.4771951219512,55.971,56.4468292682927,56.8902682926829,57.2908292682927,57.6470487804878,..
"Life expectancy at birth, total (years)",SP.DYN.LE00.IN,Eritrea,ERI,48.2359512195122,56.0250243902439,59.1165609756098,59.6694146341463,60.2500731707317,60.853512195122,61.4661463414634,62.0693658536585,62.6449756097561,63.1778780487805,63.6630243902439,..
"Life expectancy at birth, total (years)",SP.DYN.LE00.IN,Estonia,EST,69.4756097560976,70.4170731707317,72.6914634146341,72.8146341463415,73.7707317073171,74.8243902439024,75.4292682926829,76.2292682926829,76.3268292682927,77.1414634146341,77.2390243902439,..
"Life expectancy at birth, total (years)",SP.DYN.LE00.IN,Ethiopia,ETH,47.0995609756098,51.9303414634146,57.3249268292683,58.408,59.4469268292683,60.4157804878049,61.2961219512195,62.0830243902439,62.7935365853659,63.4421951219512,64.0350243902439,..
"Life expectancy at birth, total (years)",SP.DYN.LE00.IN,Faroe Islands,FRO,76.1146341463415,78.4365853658537,79.5878048780488,79.8365853658537,80.1365853658537,80.3878048780488,80.6390243902439,80.9390243902439,81.190243902439,81.4414634146341,81.6926829268293,..
"Life expectancy at birth, total (years)",SP.DYN.LE00.IN,Fiji,FJI,65.5708536585366,67.6058536585366,68.666512195122,68.8434146341464,69.0220243902439,69.2028536585366,69.3843658536586,69.565,69.7432195121951,69.9179268292683,70.0891219512195,..
"Life expectancy at birth, total (years)",SP.DYN.LE00.IN,Finland,FIN,74.8131707317073,77.4658536585366,79.2146341463415,79.2634146341464,79.5682926829268,79.719512195122,79.8707317073171,80.4707317073171,80.6268292682927,80.9756097560976,81.1292682926829,..
"Life expectancy at birth, total (years)",SP.DYN.LE00.IN,France,FRA,76.6,79.0560975609756,80.8121951219512,81.1121951219512,81.2146341463415,81.4146341463415,81.6634146341463,82.1146341463415,81.9682926829268,82.219512195122,82.3731707317073,..
"Life expectancy at birth, total (years)",SP.DYN.LE00.IN,French Polynesia,PYF,68.8286097560976,72.45,74.5699512195122,74.8919756097561,75.1866585365854,75.4534634146341,75.6953902439025,75.9170243902439,76.1270243902439,76.3340731707317,76.5416829268293,..
"Life expectancy at birth, total (years)",SP.DYN.LE00.IN,Gabon,GAB,61.2401463414634,59.3394878048781,59.8870731707317,60.3927804878049,60.9491951219512,61.5314634146342,62.1208292682927,62.7050975609756,63.2807317073171,63.8435853658537,64.3833902439024,..
"Life expectancy at birth, total (years)",SP.DYN.LE00.IN,"Gambia, The",GMB,52.214,55.5760731707317,58.2508292682927,58.5694390243902,58.8530731707317,59.1077804878049,59.3406097560976,59.5605853658537,59.7781463414634,59.9992682926829,60.2284390243902,..
"Life expectancy at birth, total (years)",SP.DYN.LE00.IN,Georgia,GEO,69.9996097560976,71.6158292682927,73.2121463414634,73.4210243902439,73.6214390243902,73.8154146341463,74.0024390243902,74.1820487804878,74.3527073170732,74.5139024390244,74.6686341463415,..
"Life expectancy at birth, total (years)",SP.DYN.LE00.IN,Germany,DEU,75.1773658536586,77.9268292682927,79.1317073170732,79.5341463414634,79.7365853658537,79.8365853658537,79.9878048780488,80.7414634146342,80.8926829268293,80.8439024390244,80.8439024390244,..
"Life expectancy at birth, total (years)",SP.DYN.LE00.IN,Ghana,GHA,56.7516341463415,56.9870975609756,59.1842195121951,59.6358536585366,60.0304146341463,60.3554634146342,60.6099756097561,60.808,60.9770243902439,61.1420731707317,61.3116341463415,..
"Life expectancy at birth, total (years)",SP.DYN.LE00.IN,Greece,GRC,76.9390243902439,77.8878048780488,79.4390243902439,79.4390243902439,79.9390243902439,80.1878048780488,80.3878048780488,80.7317073170732,80.6341463414634,81.2853658536585,81.2853658536585,..
"Life expectancy at birth, total (years)",SP.DYN.LE00.IN,Greenland,GRL,65.0682926829268,66.9634146341463,69.5192682926829,69.9826829268293,70.2134146341463,70.4678048780488,70.8570731707317,71.0624390243902,71.3092682926829,..,..,..
"Life expectancy at birth, total (years)",SP.DYN.LE00.IN,Grenada,GRD,68.4750243902439,70.2516097560976,71.6059024390244,71.844756097561,72.0871463414634,72.3300731707317,72.567512195122,72.7934146341464,73.0022682926829,73.1935609756098,73.3663170731707,..
"Life expectancy at birth, total (years)",SP.DYN.LE00.IN,Guam,GUM,72.0440975609756,75.0980243902439,77.0325609756098,77.3074146341463,77.5757317073171,77.8395609756098,78.1008780487805,78.3595853658537,78.617512195122,78.872512195122,79.1260243902439,..
"Life expectancy at birth, total (years)",SP.DYN.LE00.IN,Guatemala,GTM,62.2384146341464,67.7427073170732,69.8879024390244,70.1107804878049,70.3281463414634,70.5475365853659,70.7754634146341,71.0104146341463,71.2493902439025,71.4863902439024,71.7224146341463,..
"Life expectancy at birth, total (years)",SP.DYN.LE00.IN,Guinea,GIN,49.9188536585366,51.2429024390244,53.254756097561,53.9994878048781,54.7775853658537,55.5561463414634,56.3050487804878,57.0005365853659,57.6376341463415,58.216487804878,58.7334390243902,..
"Life expectancy at birth, total (years)",SP.DYN.LE00.IN,Guinea-Bissau,GNB,49.0763170731707,51.4454390243902,52.5825365853659,52.8554634146342,53.1547317073171,53.4766341463415,53.8143658536585,54.1594146341464,54.503512195122,54.8384146341464,55.1600487804878,..
"Life expectancy at birth, total (years)",SP.DYN.LE00.IN,Guyana,GUY,63.5231707317073,64.9731463414634,65.6848780487805,65.779756097561,65.8701463414634,65.957,66.0427073170732,66.1291463414634,66.2172682926829,66.3100243902439,66.4064146341463,..
"Life expectancy at birth, total (years)",SP.DYN.LE00.IN,Haiti,HTI,54.5693170731707,57.6760487804878,59.5674146341464,59.9773902439024,60.3979756097561,60.8222195121951,61.2401219512195,61.6451951219512,62.0333902439024,62.4011463414634,62.7474390243902,..
"Life expectancy at birth, total (years)",SP.DYN.LE00.IN,Honduras,HND,66.6890487804878,70.4941951219512,71.6724634146342,71.8587317073171,72.0399756097561,72.2172195121951,72.3939756097561,72.5727317073171,72.7550243902439,72.9428536585366,73.1357073170732,..
"Life expectancy at birth, total (years)",SP.DYN.LE00.IN,"Hong Kong SAR, China",HKG,77.3804878048781,80.8780487804878,82.3756097560976,82.3268292682927,82.3756097560976,82.7756097560976,82.9780487804878,83.4219512195122,83.4804878048781,83.8317073170732,83.9804878048781,..
"Life expectancy at birth, total (years)",SP.DYN.LE00.IN,Hungary,HUN,69.3156097560976,71.2463414634146,73.0975609756098,73.1512195121951,73.7024390243903,73.9048780487805,74.2073170731707,74.8585365853659,75.0634146341463,75.5658536585366,75.8731707317073,..
"Life expectancy at birth, total (years)",SP.DYN.LE00.IN,Iceland,ISL,78.0363414634146,79.6536585365854,81.1585365853659,81.4536585365854,81.609756097561,81.7512195121951,81.8975609756098,82.3585365853659,82.9170731707317,82.0609756097561,82.0609756097561,..
"Life expectancy at birth, total (years)",SP.DYN.LE00.IN,India,IND,57.9437317073171,62.6306341463415,64.9080975609756,65.3004390243903,65.6994390243903,66.1026341463415,66.5061463414634,66.9041707317073,67.2898780487805,67.6604146341463,68.0138048780488,..
"Life expectancy at birth, total (years)",SP.DYN.LE00.IN,Indonesia,IDN,63.2599024390244,66.2468780487805,67.3674878048781,67.5677317073171,67.7647804878049,67.9576341463415,68.1471951219512,68.3343902439024,68.5195609756098,68.7046097560976,68.8884878048781,..
"Life expectancy at birth, total (years)",SP.DYN.LE00.IN,"Iran, Islamic Rep.",IRN,63.8828780487805,70.1371951219512,72.2881219512195,72.6741951219512,73.0920731707317,73.5341707317073,73.9831707317073,74.4125853658537,74.7993414634146,75.1259756097561,75.3893170731708,..
"Life expectancy at birth, total (years)",SP.DYN.LE00.IN,Iraq,IRQ,66.2403414634147,69.1788048780488,68.256512195122,68.1990243902439,68.2202926829268,68.3199268292683,68.4901219512195,68.7097073170732,68.9497317073171,69.183487804878,69.3996829268293,..
"Life expectancy at birth, total (years)",SP.DYN.LE00.IN,Ireland,IRL,74.7413170731707,76.5365853658537,79.2414634146342,79.6414634146341,80.0951219512195,80.190243902439,80.7439024390244,80.7463414634146,80.8951219512195,81,81.1536585365854,..
"Life expectancy at birth, total (years)",SP.DYN.LE00.IN,Isle of Man,IMY,..,..,..,..,..,..,..,..,..,..,..,..
"Life expectancy at birth, total (years)",SP.DYN.LE00.IN,Israel,ISR,76.6073170731707,78.9536585365854,80.5536585365854,80.5048780487805,80.9512195121951,81.4048780487805,81.6024390243903,81.6560975609756,81.7048780487805,82.0560975609756,82.1536585365854,..
"Life expectancy at birth, total (years)",SP.DYN.LE00.IN,Italy,ITA,76.9707317073171,79.7780487804878,81.2829268292683,81.4341463414634,81.4853658536586,81.6365853658537,82.0365853658537,82.1878048780488,82.2390243902439,82.690243902439,82.690243902439,..
"Life expectancy at birth, total (years)",SP.DYN.LE00.IN,Jamaica,JAM,72.0159756097561,72.3131707317073,73.7156097560976,74.0092926829268,74.3019512195122,74.5840487804878,74.8474878048781,75.086243902439,75.2998292682927,75.488243902439,75.6535121951219,..
"Life expectancy at birth, total (years)",SP.DYN.LE00.IN,Japan,JPN,78.8368292682927,81.0760975609756,82.3219512195122,82.5070731707317,82.5875609756098,82.9314634146342,82.8426829268293,82.5912195121951,83.0960975609756,83.3319512195122,83.5878048780488,..
"Life expectancy at birth, total (years)",SP.DYN.LE00.IN,Jordan,JOR,69.9208536585366,71.779756097561,72.8010487804878,72.9611707317073,73.120243902439,73.2782926829268,73.4358292682927,73.5918536585366,73.7464146341464,73.9,74.0521463414634,..
"Life expectancy at birth, total (years)",SP.DYN.LE00.IN,Kazakhstan,KAZ,68.3365853658537,65.5170731707317,66.1609756097561,66.5048780487805,67.0219512195122,68.4292682926829,68.2953658536585,68.98,69.61,70.45,71.62,..
"Life expectancy at birth, total (years)",SP.DYN.LE00.IN,Kenya,KEN,58.8020487804878,50.7851707317073,54.5910975609756,55.6992926829268,56.7846829268293,57.8004390243903,58.7186097560976,59.5342195121951,60.2727804878049,60.9537804878049,61.5763658536585,..
"Life expectancy at birth, total (years)",SP.DYN.LE00.IN,Kiribati,KIR,60.3508292682927,63.9506829268293,64.8853414634146,64.980756097561,65.0786097560976,65.1834390243903,65.3027804878049,65.4406341463415,65.5960731707317,65.7665853658537,65.9516829268293,..
"Life expectancy at birth, total (years)",SP.DYN.LE00.IN,"Korea, Dem. People’s Rep.",PRK,69.3443170731707,64.9825609756098,68.292756097561,68.3761951219512,68.4919512195122,68.6640487804878,68.9000243902439,69.1879024390244,69.4941951219512,69.7919512195122,70.0746829268293,..
"Life expectancy at birth, total (years)",SP.DYN.LE00.IN,"Korea, Rep.",KOR,71.299756097561,75.8353658536585,78.9692682926829,79.3495121951219,79.8326829268293,80.2973170731707,80.5512195121951,80.9670731707317,81.2134146341464,81.7051219512195,82.1558536585366,..
"Life expectancy at birth, total (years)",SP.DYN.LE00.IN,Kosovo,KSV,67.7487804878049,67.9512195121951,68.9463414634146,69.1975609756098,69.3975609756098,69.6487804878049,69.9,70.1487804878049,70.4975609756098,70.7975609756098,71.0975609756098,..
"Life expectancy at birth, total (years)",SP.DYN.LE00.IN,Kuwait,KWT,72.2815609756098,73.313756097561,73.7262682926829,73.81,73.9031463414634,74.0061951219512,74.1166341463415,74.233512195122,74.3518536585366,74.4696829268293,74.5850243902439,..
"Life expectancy at birth, total (years)",SP.DYN.LE00.IN,Kyrgyz Republic,KGZ,68.2975609756098,68.5585365853659,67.6951219512195,67.8951219512195,68.4512195121951,69.1024390243903,69.3,69.6024390243903,70.0024390243902,70.2024390243902,70.4024390243902,..
"Life expectancy at birth, total (years)",SP.DYN.LE00.IN,Lao PDR,LAO,53.5520731707317,58.879243902439,62.2886341463415,62.8272682926829,63.3489024390244,63.8510487804878,64.3336341463415,64.7981219512195,65.248512195122,65.687243902439,66.1173658536586,..
"Life expectancy at birth, total (years)",SP.DYN.LE00.IN,Latvia,LVA,69.2731707317073,70.3146341463415,70.8658536585366,71.019512195122,72.419512195122,73.0804878048781,73.4829268292683,73.5756097560976,73.7780487804878,73.9829268292683,74.1878048780488,..
"Life expectancy at birth, total (years)",SP.DYN.LE00.IN,Lebanon,LBN,70.2211463414634,74.4317073170732,77.2467073170732,77.6159024390244,77.9391707317073,78.2194878048781,78.4653658536586,78.6898536585366,78.9084634146342,79.1337073170732,79.3730975609756,..
"Life expectancy at birth, total (years)",SP.DYN.LE00.IN,Lesotho,LSO,59.3310975609756,47.1829756097561,44.1483414634146,44.8822195121951,45.739243902439,46.6345853658537,47.4834146341463,48.219756097561,48.836,49.3314634146342,49.7005853658537,..
"Life expectancy at birth, total (years)",SP.DYN.LE00.IN,Liberia,LBR,47.2024390243903,52.4091219512195,56.1418780487805,57.1911951219512,58.1124634146341,58.8656585365854,59.4412926829268,59.8643414634146,60.2043658536585,60.5203902439024,60.8344146341464,..
"Life expectancy at birth, total (years)",SP.DYN.LE00.IN,Libya,LBY,68.6299024390244,70.5725365853659,71.6310487804878,71.7386341463415,71.7873902439025,71.7809512195122,71.7373902439024,71.6832682926829,71.6495609756098,71.6576829268293,71.7161219512195,..
"Life expectancy at birth, total (years)",SP.DYN.LE00.IN,Liechtenstein,LIE,..,76.8268292682927,80.9487804878049,81.2951219512195,82.6829268292683,81.5,81.8414634146342,81.7926829268293,82.3829268292683,82.2609756097561,82.2609756097561,..
"Life expectancy at birth, total (years)",SP.DYN.LE00.IN,Lithuania,LTU,71.1607317073171,72.0195121951219,71.0560975609756,70.9,71.8121951219512,72.9146341463415,73.2682926829268,73.5634146341464,73.8634146341464,73.9146341463415,73.9658536585366,..
"Life expectancy at birth, total (years)",SP.DYN.LE00.IN,Luxembourg,LUX,75.0104146341463,77.8731707317073,79.2878048780488,79.3829268292683,80.5390243902439,80.6365853658537,80.6317073170732,80.9878048780488,81.3926829268293,81.8,82.2073170731707,..
"Life expectancy at birth, total (years)",SP.DYN.LE00.IN,"Macao SAR, China",MAC,75.2769756097561,77.6228292682927,78.8515609756098,79.056243902439,79.2646097560976,79.4761707317073,79.6903902439024,79.906243902439,80.1231707317073,80.3391463414634,80.5530975609756,..
"Life expectancy at birth, total (years)",SP.DYN.LE00.IN,"Macedonia, FYR",MKD,71.1476341463415,73.2421951219512,74.2067317073171,74.3229512195122,74.4463902439024,74.5789512195122,74.7226341463415,74.874512195122,75.0312682926829,75.1870487804878,75.3423902439024,..
"Life expectancy at birth, total (years)",SP.DYN.LE00.IN,Madagascar,MDG,51.0080975609756,58.4728048780488,61.6243658536585,62.053,62.482756097561,62.9181707317073,63.3617317073171,63.8074146341464,64.2466585365854,64.6739024390244,65.0856097560976,..
"Life expectancy at birth, total (years)",SP.DYN.LE00.IN,Malawi,MWI,43.7660243902439,44.0799268292683,49.8169756097561,51.5124878048781,53.2873658536585,55.0823658536585,56.836243902439,58.5001219512195,60.0502926829268,61.466,62.7216341463415,..
"Life expectancy at birth, total (years)",SP.DYN.LE00.IN,Malaysia,MYS,70.7574878048781,72.8677804878049,73.7114390243903,73.8182682926829,73.9260731707317,74.0384146341463,74.1577804878049,74.286756097561,74.4233170731707,74.567512195122,74.7182926829268,..
"Life expectancy at birth, total (years)",SP.DYN.LE00.IN,Maldives,MDV,61.418512195122,70.0597073170732,74.9268536585366,75.3997073170732,75.7595365853659,76.0186585365854,76.2004878048781,76.3375121951219,76.4623414634146,76.6026097560976,76.7728292682927,..
"Life expectancy at birth, total (years)",SP.DYN.LE00.IN,Mali,MLI,46.4647073170732,48.8964390243903,53.4468048780488,54.2619268292683,54.9951463414634,55.6334390243902,56.1798048780488,56.6546829268293,57.095,57.5351951219512,57.9862682926829,..
"Life expectancy at birth, total (years)",SP.DYN.LE00.IN,Malta,MLT,75.1757804878049,78.2,79.4390243902439,79.7926829268293,79.6365853658537,80.2414634146342,81.3975609756098,80.7463414634146,80.7463414634146,81.7463414634146,81.7463414634146,..
"Life expectancy at birth, total (years)",SP.DYN.LE00.IN,Marshall Islands,MHL,..,65.2390243902439,..,..,..,..,..,..,..,..,..,..
"Life expectancy at birth, total (years)",SP.DYN.LE00.IN,Mauritania,MRT,58.3588048780488,60.0173902439024,60.883756097561,61.1397317073171,61.4177317073171,61.7107317073171,62.0061707317073,62.2924878048781,62.5601707317073,62.8027073170732,63.0165853658537,..
"Life expectancy at birth, total (years)",SP.DYN.LE00.IN,Mauritius,MUS,69.4048780487805,71.6634146341463,72.4321951219512,72.5707317073171,72.5707317073171,72.8824390243903,72.9673170731707,73.2668292682927,73.8634146341464,74.0170731707317,74.1943902439024,..
"Life expectancy at birth, total (years)",SP.DYN.LE00.IN,Mexico,MEX,70.7957317073171,74.2997317073171,75.4387804878049,75.5879268292683,75.7324634146342,75.8774146341463,76.0267804878049,76.1856585365854,76.3540975609756,76.5326585365854,76.7218536585366,..
"Life expectancy at birth, total (years)",SP.DYN.LE00.IN,"Micronesia, Fed. Sts.",FSM,66.1975853658537,67.275243902439,68.0741951219512,68.2204878048781,68.3592682926829,68.4895365853659,68.6122682926829,68.731,68.8507073170732,68.9733902439024,69.1010731707317,..
"Life expectancy at birth, total (years)",SP.DYN.LE00.IN,Moldova,MDA,67.4656585365854,66.8900243902439,67.8959024390244,68.2099024390244,68.6300243902439,69.1432926829268,69.7092682926829,70.2710975609756,70.7724878048781,71.1720487804878,71.4558780487805,..
"Life expectancy at birth, total (years)",SP.DYN.LE00.IN,Monaco,MCO,..,..,..,..,..,..,..,..,..,..,..,..
"Life expectancy at birth, total (years)",SP.DYN.LE00.IN,Mongolia,MNG,60.267756097561,62.9138780487805,65.6060975609756,66.0681707317073,66.5599268292683,67.0768048780488,67.6038292682927,68.1225365853659,68.613512195122,69.0618048780488,69.4639024390244,..
"Life expectancy at birth, total (years)",SP.DYN.LE00.IN,Montenegro,MNE,74.4433658536585,73.1820487804878,73.785512195122,74.0406341463415,74.3454390243903,74.6878292682927,75.0452926829268,75.3913170731707,75.7050731707317,75.9701951219512,76.1807073170732,..
"Life expectancy at birth, total (years)",SP.DYN.LE00.IN,Morocco,MAR,64.6804878048781,68.4976097560976,70.8524390243903,71.2776341463415,71.7114146341464,72.1482195121951,72.5769268292683,72.9854390243902,73.3646585365854,73.7090487804878,74.0160975609756,..
"Life expectancy at birth, total (years)",SP.DYN.LE00.IN,Mozambique,MOZ,43.1259024390244,48.6866097560976,51.1152682926829,51.6220975609756,52.1505609756098,52.6912682926829,53.2269024390244,53.7382926829268,54.2121219512195,54.641512195122,55.0259512195122,..
"Life expectancy at birth, total (years)",SP.DYN.LE00.IN,Myanmar,MMR,58.6941707317073,62.078,63.824243902439,64.0936829268293,64.3676097560976,64.6435609756098,64.9174878048781,65.1809024390244,65.4277804878049,65.6540975609756,65.8578536585366,..
"Life expectancy at birth, total (years)",SP.DYN.LE00.IN,Namibia,NAM,61.2249512195122,55.1207073170732,57.3248780487805,58.7808048780488,60.1840731707317,61.4409024390244,62.4802926829268,63.2771707317073,63.8811463414634,64.3438780487805,64.6801951219512,..
"Life expectancy at birth, total (years)",SP.DYN.LE00.IN,Nepal,NPL,54.1947317073171,62.3266341463415,66.0360731707317,66.5519268292683,67.0453658536585,67.5183902439025,67.9714878048781,68.4066341463415,68.8233170731707,69.222,69.6046829268293,..
"Life expectancy at birth, total (years)",SP.DYN.LE00.IN,Netherlands,NLD,76.8780487804878,77.9878048780488,79.6975609756098,80.0975609756098,80.2512195121951,80.5487804878049,80.7024390243902,81.2048780487805,81.1048780487805,81.3048780487805,81.3048780487805,..
"Life expectancy at birth, total (years)",SP.DYN.LE00.IN,New Caledonia,NCL,70.4853658536586,75.1634146341463,76.4609756097561,75.9463414634146,76.4560975609756,76.9658536585366,77.4731707317073,76.7268292682927,77.1219512195122,77.3219512195122,77.5731707317073,..
"Life expectancy at birth, total (years)",SP.DYN.LE00.IN,New Zealand,NZL,75.3780487804878,78.6365853658537,80.0487804878049,80.1512195121951,80.3512195121951,80.7024390243902,80.7024390243902,80.9048780487805,81.1560975609756,81.4073170731707,81.4048780487805,..
"Life expectancy at birth, total (years)",SP.DYN.LE00.IN,Nicaragua,NIC,64.135,69.6580731707317,72.2130243902439,72.5716585365854,72.9184146341464,73.2547804878049,73.5817317073171,73.9012926829269,74.2124634146341,74.514756097561,74.8101463414634,..
"Life expectancy at birth, total (years)",SP.DYN.LE00.IN,Niger,NER,43.9511951219512,50.6979512195122,54.6545609756098,55.4550243902439,56.3372926829268,57.2850243902439,58.259,59.2045609756098,60.0725365853659,60.8281463414634,61.4584878048781,..
"Life expectancy at birth, total (years)",SP.DYN.LE00.IN,Nigeria,NGA,46.1102682926829,46.624,49.2361463414634,49.8081463414634,50.3574390243903,50.8685609756098,51.329512195122,51.7378048780488,52.105,52.4421463414634,52.7542682926829,..
"Life expectancy at birth, total (years)",SP.DYN.LE00.IN,Northern Mariana Islands,MNP,..,..,..,..,..,..,..,..,..,..,..,..
"Life expectancy at birth, total (years)",SP.DYN.LE00.IN,Norway,NOR,76.5373170731707,78.6341463414634,80.3439024390244,80.3951219512195,80.5926829268293,80.7951219512195,80.9975609756098,81.2951219512195,81.4512195121951,81.7512195121951,81.7512195121951,..
"Life expectancy at birth, total (years)",SP.DYN.LE00.IN,Oman,OMN,67.2677317073171,72.3565853658537,74.7748048780488,75.1236097560976,75.4525365853659,75.7620975609756,76.0528048780488,76.3276341463415,76.5895609756098,76.8410487804878,77.0850975609756,..
"Life expectancy at birth, total (years)",SP.DYN.LE00.IN,Pakistan,PAK,60.1112195121951,62.7731707317073,64.0993902439024,64.3387317073171,64.5981463414634,64.8760975609756,65.1625609756098,65.447,65.7168780487805,65.9636829268293,66.1833658536585,..
"Life expectancy at birth, total (years)",SP.DYN.LE00.IN,Palau,PLW,69.0692682926829,70.4936585365854,..,..,..,..,..,..,..,..,..,..
"Life expectancy at birth, total (years)",SP.DYN.LE00.IN,Panama,PAN,73.046243902439,75.1019756097561,76.141,76.3144634146342,76.4935853658537,76.6769512195122,76.8636341463415,77.0516829268293,77.2370487804878,77.4192195121951,77.5951463414634,..
"Life expectancy at birth, total (years)",SP.DYN.LE00.IN,Papua New Guinea,PNG,55.7093414634146,58.7992926829268,60.9955365853659,61.3114146341463,61.582243902439,61.8080487804878,61.9948292682927,62.1526341463415,62.2999024390244,62.4491707317073,62.6069268292683,..
"Life expectancy at birth, total (years)",SP.DYN.LE00.IN,Paraguay,PRY,68.0126097560976,70.0746829268293,71.4918536585366,71.6948292682927,71.8988292682927,72.1023170731707,72.3012926829268,72.4871951219512,72.654,72.7991707317073,72.9217073170732,..
"Life expectancy at birth, total (years)",SP.DYN.LE00.IN,Peru,PER,65.5304390243902,70.5074390243903,72.7434390243903,72.9969512195122,73.2250243902439,73.4361463414634,73.6398048780488,73.8449756097561,74.0576585365854,74.2838536585366,74.5255365853659,..
"Life expectancy at birth, total (years)",SP.DYN.LE00.IN,Philippines,PHL,65.2880731707317,66.6821219512195,67.374756097561,67.4790243902439,67.5807804878049,67.6810487804878,67.7833170731708,67.8906585365854,68.0070731707317,68.1315609756097,68.2656341463415,..
"Life expectancy at birth, total (years)",SP.DYN.LE00.IN,Poland,POL,70.890243902439,73.7487804878049,75.1439024390244,75.2439024390244,75.5439024390244,75.6951219512195,76.2463414634146,76.6951219512195,76.7463414634146,77,77.2536585365854,..
"Life expectancy at birth, total (years)",SP.DYN.LE00.IN,Portugal,PRT,73.9658536585366,76.3146341463415,78.419512195122,78.3219512195122,78.5243902439025,78.7268292682927,79.0268292682927,80.4707317073171,80.3731707317073,80.7219512195122,80.7219512195122,..
"Life expectancy at birth, total (years)",SP.DYN.LE00.IN,Puerto Rico,PRI,74.1691707317073,76.6892682926829,78.4163414634146,78.4258536585366,77.9064634146342,78.1532682926829,78.4116341463415,78.6731707317073,78.9254146341464,79.1594390243903,79.3747317073171,..
"Life expectancy at birth, total (years)",SP.DYN.LE00.IN,Qatar,QAT,75.1160731707317,76.495512195122,77.1456097560976,77.2868536585366,77.448756097561,77.6298048780488,77.825512195122,78.0278048780488,78.2276585365854,78.4184878048781,78.5968048780488,..
"Life expectancy at birth, total (years)",SP.DYN.LE00.IN,Romania,ROM,69.7412195121951,71.1634146341463,72.1634146341463,72.5658536585366,72.5658536585366,73.309756097561,73.4585365853659,74.409756097561,74.4121951219512,75.0634146341463,75.0634146341463,..
"Life expectancy at birth, total (years)",SP.DYN.LE00.IN,Russian Federation,RUS,68.9024390243902,65.3414634146341,66.6431707317073,67.4975609756098,67.8487804878049,68.6048780487805,68.8560975609756,69.6585365853659,70.3658536585366,70.3658536585366,70.3658536585366,..
"Life expectancy at birth, total (years)",SP.DYN.LE00.IN,Rwanda,RWA,33.4851219512195,48.1923658536585,56.3866585365854,57.946,59.3153414634146,60.4659756097561,61.4017804878049,62.1553658536585,62.7993658536585,63.3948292682927,63.9656585365854,..
"Life expectancy at birth, total (years)",SP.DYN.LE00.IN,Samoa,WSM,65.0404146341463,69.4873170731707,71.2786585365854,71.5607804878049,71.8442926829268,72.1306829268293,72.417,72.7012682926829,72.9800487804878,73.2503902439024,73.5118292682927,..
"Life expectancy at birth, total (years)",SP.DYN.LE00.IN,San Marino,SMR,..,80.619512195122,82.1804878048781,82.5060975609756,82.8317073170732,82.9955432372506,83.1593791574279,83.3232150776053,..,..,..,..
"Life expectancy at birth, total (years)",SP.DYN.LE00.IN,Sao Tome and Principe,STP,61.7714390243902,63.2925365853659,64.8924634146342,65.188,65.4505365853659,65.6726097560976,65.8546829268293,66.0037804878049,66.1339024390244,66.259512195122,66.3846097560976,..
"Life expectancy at birth, total (years)",SP.DYN.LE00.IN,Saudi Arabia,SAU,69.1670243902439,72.5262195121951,73.2581707317073,73.3450731707317,73.445756097561,73.5642682926829,73.7016097560976,73.8548536585366,74.0160243902439,74.1776341463415,74.3372195121951,..
"Life expectancy at birth, total (years)",SP.DYN.LE00.IN,Senegal,SEN,57.1830975609756,57.7658048780488,61.0540731707317,61.7841707317073,62.5350731707317,63.2867804878049,64.0144390243903,64.6953658536585,65.3188780487805,65.878756097561,66.3725853658537,..
"Life expectancy at birth, total (years)",SP.DYN.LE00.IN,Serbia,SRB,..,71.5829268292683,73.3853658536585,73.6317073170732,73.8853658536585,73.9853658536586,74.3365853658537,74.5365853658537,74.8365853658537,75.1853658536585,75.5341463414634,..
"Life expectancy at birth, total (years)",SP.DYN.LE00.IN,Seychelles,SYC,..,..,72.2170731707317,73.1926829268293,73.1634146341463,73.0341463414634,73.1975609756098,72.7243902439024,74.2268292682927,73.119512195122,73.2292682926829,..
"Life expectancy at birth, total (years)",SP.DYN.LE00.IN,Sierra Leone,SLE,37.3534146341463,38.6901463414634,44.5480731707317,45.4883658536585,46.4276341463415,47.3502195121951,48.2289512195122,49.0347317073171,49.7490975609756,50.3631219512195,50.8787804878049,..
"Life expectancy at birth, total (years)",SP.DYN.LE00.IN,Singapore,SGP,75.2951219512195,77.9512195121951,80.1414634146341,80.4414634146342,80.790243902439,81.2414634146342,81.5414634146342,81.7439024390244,81.9951219512195,82.2463414634147,82.6463414634146,..
"Life expectancy at birth, total (years)",SP.DYN.LE00.IN,Sint Maarten (Dutch part),SXM,..,..,..,74.5439024390244,74.5365853658537,75.5878048780488,..,..,73.0536585365854,..,..,..
"Life expectancy at birth, total (years)",SP.DYN.LE00.IN,Slovak Republic,SVK,70.9326829268293,73.0512195121951,74.2048780487805,74.2073170731707,74.7048780487805,74.909756097561,75.1121951219512,75.9585365853659,76.109756097561,76.4121951219512,76.7146341463415,..
"Life expectancy at birth, total (years)",SP.DYN.LE00.IN,Slovenia,SVN,73.2048780487805,75.4121951219512,78.0865853658537,78.5609756097561,78.7658536585366,78.9707317073171,79.4219512195122,79.9707317073171,80.1243902439024,80.3219512195122,80.519512195122,..
"Life expectancy at birth, total (years)",SP.DYN.LE00.IN,Solomon Islands,SLB,56.704756097561,62.8367317073171,65.9346097560976,66.2668048780488,66.5612195121951,66.8246829268293,67.0656585365854,67.2912195121951,67.5065853658537,67.7189268292683,67.9308048780488,..
"Life expectancy at birth, total (years)",SP.DYN.LE00.IN,Somalia,SOM,45.3893414634146,50.8782682926829,52.6827804878049,53.0186585365854,53.3545121951219,53.6893414634146,54.0236585365854,54.3569512195122,54.690243902439,55.0230243902439,55.3548048780488,..
"Life expectancy at birth, total (years)",SP.DYN.LE00.IN,South Africa,ZAF,62.1200731707317,55.8368780487805,51.6137073170732,51.996512195122,52.6360243902439,53.4670975609756,54.390756097561,55.2956585365854,56.0983170731707,56.7365853658537,57.1821219512195,..
"Life expectancy at birth, total (years)",SP.DYN.LE00.IN,South Sudan,SSD,43.518756097561,49.2190731707317,51.6132926829268,52.0878536585366,52.5933170731707,53.1226585365854,53.6649024390244,54.205,54.727,55.2209024390244,55.6822195121951,..
"Life expectancy at birth, total (years)",SP.DYN.LE00.IN,Spain,ESP,76.8375609756098,78.9658536585366,80.8219512195122,80.8731707317073,81.1756097560976,81.4756097560976,81.6268292682927,82.4756097560976,82.4268292682927,83.0780487804878,83.0780487804878,..
"Life expectancy at birth, total (years)",SP.DYN.LE00.IN,Sri Lanka,LKA,69.6794878048781,71.1063902439025,74.1245365853659,74.1941219512195,74.2387317073171,74.2802926829268,74.339243902439,74.4245609756098,74.531243902439,74.6538292682927,74.7948048780488,..
"Life expectancy at birth, total (years)",SP.DYN.LE00.IN,St. Kitts and Nevis,KNA,..,..,..,..,..,..,..,..,..,..,..,..
"Life expectancy at birth, total (years)",SP.DYN.LE00.IN,St. Lucia,LCA,71.0494390243903,71.4230487804878,73.3690731707317,73.7118536585366,74.0131463414634,74.2660487804878,74.4710975609756,74.6357073170732,74.7776341463415,74.9127073170732,75.0468536585366,..
"Life expectancy at birth, total (years)",SP.DYN.LE00.IN,St. Martin (French part),MAF,74.5219512195122,76.9707317073171,78.0707317073171,78.2219512195122,78.3707317073171,78.5707317073171,78.7219512195122,78.8707317073171,79.0219512195122,79.1707317073171,79.3219512195122,..
"Life expectancy at birth, total (years)",SP.DYN.LE00.IN,St. Vincent and the Grenadines,VCT,70.0766585365854,70.5821219512195,71.4602195121951,71.6994146341464,71.9317317073171,72.1500731707317,72.3463902439024,72.518756097561,72.6718536585366,72.8108780487805,72.9368536585366,..
"Life expectancy at birth, total (years)",SP.DYN.LE00.IN,Sudan,SDN,55.5144634146342,57.9749756097561,60.262243902439,60.7008780487805,61.1506097560976,61.6023902439024,62.0425853658537,62.4555365853659,62.8321951219512,63.1670487804878,63.4585365853658,..
"Life expectancy at birth, total (years)",SP.DYN.LE00.IN,Suriname,SUR,67.5018780487805,67.9291707317073,69.1567317073171,69.4790731707317,69.795,70.0929024390244,70.3627317073171,70.5993902439024,70.8063170731707,70.99,71.1514390243903,..
"Life expectancy at birth, total (years)",SP.DYN.LE00.IN,Swaziland,SWZ,59.3451951219512,48.6640731707317,46.2413658536585,46.7723902439024,47.3458292682927,47.892756097561,48.345756097561,48.6613902439024,48.8506341463415,48.9379268292683,48.9347317073171,..
"Life expectancy at birth, total (years)",SP.DYN.LE00.IN,Sweden,SWE,77.5368292682927,79.6439024390244,80.7487804878049,80.9,81.1,81.3512195121951,81.4512195121951,81.8024390243903,81.7048780487805,81.9560975609756,81.9560975609756,..
"Life expectancy at birth, total (years)",SP.DYN.LE00.IN,Switzerland,CHE,77.2424390243902,79.6804878048781,81.490243902439,81.7414634146342,81.9926829268293,82.0439024390244,82.2463414634147,82.6951219512195,82.6975609756098,82.7975609756098,82.8487804878049,..
"Life expectancy at birth, total (years)",SP.DYN.LE00.IN,Syrian Arab Republic,SYR,70.1062682926829,72.7216829268293,74.4324146341464,74.2460731707317,73.797243902439,73.1204146341463,72.3074390243903,71.4861463414634,70.7859024390244,70.3015365853659,70.0710243902439,..
"Life expectancy at birth, total (years)",SP.DYN.LE00.IN,Tajikistan,TJK,62.8647804878049,63.6952926829268,66.6618048780488,67.2074878048781,67.7145853658537,68.1705365853659,68.5633902439025,68.8917804878049,69.1669756097561,69.4001707317073,69.5979756097561,..
"Life expectancy at birth, total (years)",SP.DYN.LE00.IN,Tanzania,TZA,49.9775609756098,50.4653414634146,56.832,58.0777804878049,59.3147073170732,60.509512195122,61.6256097560976,62.6320975609756,63.5209024390244,64.2918292682927,64.9439024390244,..
"Life expectancy at birth, total (years)",SP.DYN.LE00.IN,Thailand,THA,70.2306097560976,70.6340731707317,72.5257317073171,72.8744390243903,73.1884390243902,73.4617317073171,73.6943658536586,73.8923902439024,74.0719024390244,74.2469268292683,74.4220243902439,..
"Life expectancy at birth, total (years)",SP.DYN.LE00.IN,Timor-Leste,TMP,48.4847317073171,59.3469756097561,65.0478536585366,65.8241951219512,66.4578292682927,66.9466829268293,67.3083902439025,67.5767317073171,67.8001463414634,68.0209024390244,68.2591463414634,..
"Life expectancy at birth, total (years)",SP.DYN.LE00.IN,Togo,TGO,55.8484390243902,53.4686829268293,54.930756097561,55.4334390243903,56.0059024390244,56.6306097560976,57.2815609756098,57.9307804878049,58.5538536585366,59.1323658536585,59.6558048780488,..
"Life expectancy at birth, total (years)",SP.DYN.LE00.IN,Tonga,TON,69.5823170731707,70.7604390243903,71.5937073170732,71.737,71.8831951219512,72.031756097561,72.1826097560976,72.3347317073171,72.488,72.6403414634147,72.7921951219512,..
"Life expectancy at birth, total (years)",SP.DYN.LE00.IN,Trinidad and Tobago,TTO,68.0229024390244,68.5964390243903,69.1083414634146,69.2596585365854,69.4289268292683,69.6105853658537,69.7975609756098,69.9803170731707,70.1513902439024,70.3052926829268,70.4405609756098,..
"Life expectancy at birth, total (years)",SP.DYN.LE00.IN,Tunisia,TUN,70.3073170731707,72.6,73.9,74.2024390243903,74.3024390243903,74.4512195121951,74.6024390243903,74.3439024390244,73.9951219512195,74.0439024390244,74.1439024390244,..
"Life expectancy at birth, total (years)",SP.DYN.LE00.IN,Turkey,TUR,64.2823414634146,69.9993414634146,72.8285853658537,73.1770731707317,73.500756097561,73.8032195121951,74.0909268292683,74.3673414634146,74.6368048780488,74.9007073170732,75.163512195122,..
"Life expectancy at birth, total (years)",SP.DYN.LE00.IN,Turkmenistan,TKM,62.6741463414634,63.8992926829268,64.5318048780488,64.6388292682927,64.7560731707317,64.8835365853659,65.021243902439,65.1656097560976,65.3115853658537,65.4565609756098,65.5985365853659,..
"Life expectancy at birth, total (years)",SP.DYN.LE00.IN,Turks and Caicos Islands,TCA,..,..,..,..,..,..,..,..,..,..,..,..
"Life expectancy at birth, total (years)",SP.DYN.LE00.IN,Tuvalu,TUV,..,..,..,..,..,..,..,..,..,..,..,..
"Life expectancy at birth, total (years)",SP.DYN.LE00.IN,Uganda,UGA,45.0562682926829,46.4199756097561,52.7570487804878,53.6541463414634,54.4619756097561,55.1820975609756,55.8366585365854,56.463756097561,57.1001951219512,57.7676829268293,58.4664146341464,..
"Life expectancy at birth, total (years)",SP.DYN.LE00.IN,Ukraine,UKR,70.1365853658537,67.859512195122,68.0775609756098,68.2221951219512,68.2514634146342,69.19,70.2653658536586,70.8092682926829,70.9441463414634,71.159512195122,71.1865853658537,..
"Life expectancy at birth, total (years)",SP.DYN.LE00.IN,United Arab Emirates,ARE,71.7201463414634,74.4515365853659,75.9045365853659,76.1111707317073,76.307756097561,76.4947804878049,76.675243902439,76.8511951219512,77.0241463414634,77.1956341463415,77.3681707317073,..
"Life expectancy at birth, total (years)",SP.DYN.LE00.IN,United Kingdom,GBR,75.8804878048781,77.7414634146342,79.2487804878049,79.4487804878049,79.6,80.0512195121951,80.4024390243902,80.9512195121951,80.9048780487805,81.0048780487805,81.0560975609756,..
"Life expectancy at birth, total (years)",SP.DYN.LE00.IN,United States,USA,75.2146341463415,76.6365853658537,77.6878048780488,77.9878048780488,78.0390243902439,78.390243902439,78.5414634146342,78.6414634146341,78.7414634146342,78.8414634146341,78.9414634146341,..
"Life expectancy at birth, total (years)",SP.DYN.LE00.IN,Uruguay,URY,72.5395365853659,74.6859756097561,75.7964146341464,75.9510243902439,76.1010731707317,76.2485853658537,76.3946097560976,76.5411951219512,76.6883902439024,76.8361951219512,76.9861463414634,..
"Life expectancy at birth, total (years)",SP.DYN.LE00.IN,Uzbekistan,UZB,66.6841707317073,66.9407804878049,67.4351463414634,67.5312195121951,67.6341951219512,67.7445609756098,67.8612926829268,67.9814146341463,68.1019756097561,68.222,68.3390243902439,..
"Life expectancy at birth, total (years)",SP.DYN.LE00.IN,Vanuatu,VUT,63.1968536585366,67.555,69.636756097561,69.9487317073171,70.254756097561,70.5558292682927,70.8499512195122,71.1345609756098,71.4081707317073,71.669243902439,71.9183170731707,..
"Life expectancy at birth, total (years)",SP.DYN.LE00.IN,"Venezuela, RB",VEN,69.8286097560976,72.3461219512195,73.3010487804878,73.3889024390244,73.476243902439,73.568,73.6716097560976,73.7916585365854,73.9257317073171,74.0744146341464,74.2361951219512,..
"Life expectancy at birth, total (years)",SP.DYN.LE00.IN,Vietnam,VNM,70.4181951219512,73.1485853658537,74.3123658536585,74.4838536585366,74.6530975609756,74.8226097560976,74.9903658536585,75.1568048780488,75.3193902439024,75.477,75.6291219512195,..
"Life expectancy at birth, total (years)",SP.DYN.LE00.IN,Virgin Islands (U.S.),VIR,74.788,76.619512195122,78.6243902439025,78.8243902439024,78.9243902439025,79.0731707317073,79.1731707317073,79.3731707317073,79.4731707317073,79.6243902439024,79.7731707317073,..
"Life expectancy at birth, total (years)",SP.DYN.LE00.IN,West Bank and Gaza,WBG,68.0528780487805,70.7589024390244,71.6058780487805,71.7470487804878,71.8949512195122,72.0510975609756,72.2149268292683,72.3853902439024,72.5588536585366,72.7322439024391,72.9040243902439,..
"Life expectancy at birth, total (years)",SP.DYN.LE00.IN,"Yemen, Rep.",YEM,57.7641951219512,60.4563658536585,61.7171707317073,61.9548048780488,62.2113658536585,62.4853414634146,62.7687317073171,63.0535365853659,63.3272926829268,63.583512195122,63.8181951219512,..
"Life expectancy at birth, total (years)",SP.DYN.LE00.IN,Zambia,ZMB,44.3124634146342,43.4566829268293,50.9666097560976,52.4771463414634,53.9056341463415,55.2141707317073,56.3838536585366,57.4221951219512,58.3633170731707,59.2373658536585,60.0470487804878,..
"Life expectancy at birth, total (years)",SP.DYN.LE00.IN,Zimbabwe,ZWE,59.5830731707317,41.6894390243903,42.8107073170732,44.177756097561,45.8044878048781,47.6246585365854,49.5746585365854,51.6003658536585,53.6430731707317,55.633,57.4983170731707,..
,,,,,,,,,,,,,,,
,,,,,,,,,,,,,,,
,,,,,,,,,,,,,,,
Data from database: World Development Indicators,,,,,,,,,,,,,,,
Last Updated: 06/01/2016,,,,,,,,,,,,,,,
